cluster_ind	consensusSeq	avg_lev_dist	avg_dist_to_query	size
0	------------ETTSVFRADFL-ELDAGAGAEPAAAAVDALPAGSALLVVKRGPNAGSRFLLDQDVTTAGRHPDSDIFLDDVTVSRRHAEFRREGGGFTVVDVGSLNGTYVNRE--	0.694	0.602	616
1	------EPGASTSTMSLSAIQAAVEAEQDEGPAIDHGGVEALPPDTALLLVRGGPNAGSRFLLDRDTTTAGRHPESDIFLDDVTVSRKHVEFFRHDGRFSIRDAGSLNGTYVNRE--	0.892	0.533	4
2	---------PPLDVTSTLNLGALDELEGPDADVAPARVAGSLPPGTALLVVRRGPNAGARFLLDHDVTTSGRHPDSDIFLDDVTVSRRHAEFHREGGTFTVRDVGSLNGTYVNRE--	0.863	0.562	23
3	--------------TSAFPFDLDDEFESPSGAAEAEMWAEELPSGSALLVVQRGRNAGARFLLNQPVTTAGRLPGSDIFLDDITVSRRHAEFRMEDGQHRVVDTGSLNKTYVNRRP-	0.878	0.575	12
17	------PPMPSDDTTHIPILDADTEEMTS-GDAADVDAVENLPAGSAMLLVQRGPDAGARFLLDSDLVTVGRHPDSDIFLDDISVSRRHATFARSGAGYVIADLGSLNGSYVN----	0.855	0.496	4
4	---NCGRPLAGAGDTTTGALRVDDTAEPADL-ADAGVDTSDLEAGTALLVGVRGPNRGARFLLDRDVVTVGRHPDSDIFLDDITVSRRHAEFRRDAARFWVHDVGSLNGTYVNG---	0.886	0.524	4
5	------------EPGPVGDGEEELENTLEYQPVKNTAPASAVPAGKARLVVKAGPQAGKVFPLQPATMVIGRRDTCDVILTDNSVSRRHAQLEYRGGEFVITDLGSTNGVYING---	0.923	0.353	4
6	-----G---PTSETTSIQLTPIRDEPAIPPLLAEERAAVAALPPGSALLIAHSGPNAGARFLLDQDTTTAGRHPDADIFLDDVTVSRKHVEFRRTGAGFEVVDTGSLNGTYVN----	0.817	0.542	8
7	MSDNNADPITTAVIGAIRDDDLPAGSALSE--EDARKTIAELPEGSALLVVVRGPNLGARFLLNAEKISVGRKPKCDIFLDDVTVSRKHANFVREENGYAVRDAGSLNGTYVNRE--	0.915	0.524	5
20	------------DTTAHFGDEFAAQLAALDGDVSEQEAIAALPSGSALLVVRRGPNVGARFLLDADVTTAGRHPDADIFLDDVTVSRRHAEFLRHGTAFEVKDLGSLNGTYFDG---	0.803	0.503	39
8	-----GPGERPGETTSTISLGRPDDDDLGDDLFPDSASFGALPPGSALLLVMRGPNAGSRFRLDGELTTAGRHPDSDIFLDDVTVSRRHAEFYREGARFTVRDVGSLNGTYVNRE--	0.888	0.564	9
9	------------------------EFQLEDLDAADAAAIEALPAGSALLLVLRGGQAGARYLIDSDVVTAGRHPRCDIFLDDITVSRHHARFTRRDGQFWVSDENSLNGTYVN----	0.830	0.434	10
12	---------PGESTSTISLGGTDLAEADEEEPFADSAAIEALPPGTALLVVKRGPNAGSRFLLDSDLTTAGRHPESDIFLDDVTVSRRHAEFYRHGAGFTVRDVGSLNGTYVNRE--	0.855	0.583	7
10	--------------TSVFG-PLVDDDEEVALPLPDREAVAALPAGSALLIVQRGPNTGARFLLDPEVTNAGRSPKSDIFLDDVTVSRKHCQFLAHEGGHIVRDSGSLNGTYVNRE--	0.832	0.504	7
11	MSDEESTPRPTEREGSEELTGDMGTAVTAEFDAPATAAAPPLSPGSALLVVTRGPNTGSRFALTQPVMSAGRHPESDIYLDDITVSRRHAEFLSEGGQFRIVDVGSMNHTYLNRE--	0.946	0.541	4
13	-----------VESTARFSSDLLAELGPSLNSAEEQAAIEALPSGSALLIVQRGPNEGSRFLLDQDLTTVGRHPNADIFLDDVTVSRRHAEFHRHGNQFQVKDLASLNGTYFDG---	0.839	0.520	11
14	-----------MRFTSLGDLEAHVEHDRGLSTEDHAT-IAALRPDTALLLVLRGPNAGARFLLDAPLTTVGRHPDSDIFLDDVTVSRKHAIFEQEGDAFQVRDVGSLNGTYVNRE--	0.917	0.516	4
15	MSNTGSTPHGSEELTGDIGTAVPAEFAAAPAAAAAGEDRPALSPGSALLVVTRGPNAGSRFALNQPVMAAGRHPESDIYLDDITVSRRHAEFLSEGGQFRIVDVGSMNHTYLNREP-	0.910	0.551	5
16	------EPIPTAETTSIGIPTISAVPVTVTGDRPLSDTIARLNPGTALLISTRGAVSGSRYLLDEDKVTVGRDPSNDIMLDDGTVSREHAVFIRENGRYRIEDVGSLNGTYVN----	0.966	0.444	4
18	-----------VRSTQQFREDLMIRIRATDLTIDEQEAVEALPSGAALLVVRRGPDLGARFLLDQDVTVAGRHPAVDIFLDDVTVSRRHAEFRREGTRFSVRDLGSLNGTFCDG---	0.835	0.505	25
30	---------PAGETTRQFRQAAPAEPEAAPAAAHEDESIEGLPADTALLVVKRGPNAGSRFLLDQEVTTAGRHPKSDIFLDDVTVSRRHVEFRRDGEDFSVHDVGSLNGTYLNREP-	0.846	0.609	5
19	MSDN--QPFDPTATSVFGLMPLTDDVEEAPVALSAREAVEALPAGSALLIVQRGPNTGARFLLDPEVTNAGRSPRADIFLDDVTVSRKHCQFIASNGGHIVRDSGSLNGTYVNRE--	0.957	0.553	4
21	--------------------DRDIERTQRFFPVKDSVRADPQPRVYGVLEVDEGPEQGRIFPLKGVNILIGRREDCQIVFNDTSVSRRHARLELHRGRYTIQDLGSTNGTLVNG---	0.957	0.259	4
22	----------------------MSEWKTRITKVQVVKPAKEAGEACLVLIYPPGPDMGKRFPLSREEIVLGRGADCDIQVDRDSVSRRHARVYRNGEAWSVEDLQSTNGSYVNDVP-	0.893	0.286	5
23	-------------TITFGRIELPADEGVQPGSPEEQAAIAALPRHSALLIMQRGPAVGSRFLLDADRTVAGRSEHADIFLDDVTVSRKHAEFVREDDGFVVRDIGSLNGTYVN----	0.902	0.455	5
24	--------EPEAQTTSIGLPDLGGPPDRSL-DAEDRAAINALPAGSALLVAHAGPNQGARFLLDQDVTTAGRHPNADIFLDDVTVSRKHAEFRRSGEGFVVVDSGSLNGTYVN----	0.929	0.541	4
25	---------PTGDTTTMF---A-EERESVELTDQERAAAKALAPGNALLVVNRGPGDSNRFLIDSDITNVGRHPESDIFLDDITVSRHHAKFVRSGGKLYLEDLGSLNGTYVN----	0.855	0.431	10
26	-------PAPQRVTTYPVRAGRKRRARDDIGPASMAATVAGAGAQEIFLYAEHGPGTGQLLPVAEGAVILGRSSSCDLRLPHASISRRHARLTRRGERLFLEDLGSQNGTFLDDEPR	0.915	0.316	4
27	-------PIPSAGETTIIGLPAINIPVTSTGDRPLTDTIARLSPGTALLISTRGAVSGSRYLLDEDEVTVGRDPRADILLDDSTVSRAHAVFRRVGGTFSVIDAGSLNGTYVNRQ--	0.854	0.431	46
31	----------------------LIALRAADLTPEEAAAIAALPSGSALLIVHRGPNQGARFLLDSDVTTVGRHPNADIFLDDVTVSRRHAEFRRTGAGFEVVDLGSLNGTYVN----	0.780	0.489	17
28	----------TGDIGSVLRADAPDEIDTSSA---VAEAAATLARGSAMLVVKRGPNVGAKFVLNQPVMNAGRHPASDIFLDDITVSRRHAEFHSENGEFRVVDLGSLNGTYLN----	0.874	0.526	10
29	-------PEVAGDTTSTISIAGIEAYEAETGDALLAERAEQLPPGTALLTVTRGPNAGSRFRLDKELTTTGRHPESDIFLDDITVSRRHVEFYRHGGGFSVRDVGSLNGTYVNRE--	0.915	0.544	4
38	--------EPTGGTTTTIPAAVGEERDPESLTAEDEAAVNALPQGSALLIVQRGSNAGSRFLLDTDVVTAGRHQDSDIFLDDISVSRRHATFTRTPEGTVVKDVGSLNGTYVN----	0.826	0.476	9
42	------------ETTRVFR------MPLSDATAPDLMKSASIPLPVPVLSIIKGPQTGNVFELDAPEVTIGRDPANTIFLNDMTVSRSHAKILRNAAGVLIEDLGSLNGTWVDG---	0.882	0.374	5
32	MSSTPIEPDPT-STQAFGAIDVPAEPDVPSVGLSPQDRAAALPAGTALLLVQHGPTTGARFLLDSAETTVGRHPRADIFLDDVTVSRKHAMFTLPGGGFAVRDQGSLNGTYVNRQ--	0.865	0.506	5
33	-------------------ANLRDEFDTSTAVADAAEDMATMGRGSGMLIVKRGPNAGSQFLLNQPIMSAGRHPASDIFLDDITVSRRHAEFRRENGQFRVVDLGSLNSTYLNREP-	0.912	0.499	4
34	--------HPLQDDTTVGLTPIEIEDETGEE---IHLPLSELEEGQALLVVKRGPNAGSQFLIDKDVTTAGRHPESDIFLDDVTVSRRHAEFRRDDGRFFIHDAGSLNGTYVNRE--	0.860	0.521	6
35	---------------------FSKEEDDTSGRTKAMPSIKGARAGKAYLVVVKGENFGEEYEFKEKDIIIGRSSSNDIVIKDEGVSRKHCAIEPATNSYVLKDLKSTNGTFLND---	0.977	0.262	4
36	MSDHSAPPRPGEPTTMRFRGSAYIEHEHGLSSEDQATIGALRP-GTALLVVMRGPNNGARFLLDDDSVSSGRHPDSDIFLDDVTVSRRHAVFLRTPAGYAVKDVGSLNGTYVNRQ--	0.903	0.553	4
37	MSDPGGEPRPAAPDGSFGSLGALDAAEAGPLTAEQAAAVQALPRTSALLVMQRGPSSGARFLLDADRTVAGRSPNADIFLDDVTVSRKHAEFVRELDDFVVRDVGSLNGTYVNRE--	0.876	0.532	5
39	-------------------ADSDVNIARRALKPEEQAAIESLPKGSALLIALSGPNSGARFLLNEDRTNAGRHQKSDIFLDDATVSRKHAQFIREGDEFSVRDSGSLNGTYVNRE--	0.926	0.481	4
40	MSHADPSRKPDEDATAVHHA--LSEPAAEPGPAPRAPAAEGAFLGSGVLAVTRGPIVGAQFILTQPVTAAGRHPNSDVFLDDITVSRHHAEFRWLDDEYWIVDTGSLNGTFVN----	0.934	0.479	5
45	------------ETTSIIVADVLSTAAHHKLTEGEQNAVASLPPGSALLLETNGGLTGARFLLDRDEVVAGRHPACSVFLDDVTVSRRHAEFIRRNGTFEIVDQSSLNGTYVNG---	0.883	0.470	7
41	MSQRHGPKAPQGETSIQIVAEVLSLAASHKLSPEENAAVSALPPRSALLVAHDGAGAGSRFLLDRDEVPAGRHPSSEIFLDDVTVSRRHARFVRRGDTFEIFDSGSLNGTYVNG---	0.897	0.490	4
43	---------PAEPTTATYRVDETGEL--------VPVELEDVVAGGAALVIAGGGRVGESFPLAGERMTIGRRPDSDVFLDDVTVSRDHALIVRRGGAYFLDDLGSLNGTYVN----	0.850	0.368	8
44	---------P--EQGDQGNQQFQGILDPHTGEIHPVPDLQNLQETDALLVVVSGPDAGAQILLDTDVVTVGRSPNADIFLDDVTVSRKHAEFVRTPSGFTLRDTGSLNGTYVGRQ--	0.905	0.425	9
63	---------PAERTMSLDAAAAAAEAAPAAGSAQDNAAIDALGPDHALLIVHHGPNLGARFLLDVDVTTAGRSVSSDIFLDDVTVSREHAQFIRDGHAFYVRDHGSLNGTYVNRE--	0.846	0.464	4
46	------PPHAAVDTTALGRIGAPAEEQRIPLTAEEAAAVAALPRHSALLVVQYGSGAGERFLLDQDRAVAGRSEHADIFLDDVTVSRKHAEFAREGDRFVVRDIGSLNGTYVN----	0.912	0.467	4
47	-------------------------MQDLPGSSDNASIRMGDVGGHGVLVIRSGELTGSRFTLSKDVTQIGRHPDSDILLDDITVSRRHAEIVKTSSALIVRDLGSLNGTYVN----	0.903	0.348	4
48	---------PPGATTATYKVGETGELEEVDLD-------DVVARGPALVIRAGGGRAGESFPLGAGRLTIGRRPDSDIFLDDVTVSRDHAILVRRGSDYYLDDCGSLNGTYVN----	0.868	0.363	7
49	-------------------------MSDVTRTVYLDSGEQKLELQKYRLAVIEGDNAGDTGTFEERQVEIGSSPDNDIVLDDAAVSRFHAMIEVDERGYLLRDLDSKNGTFVGG---	0.874	0.254	5
66	----AGEPAPPTPAASAGGATAIIRVSDIMKAAPQVEARDLERSEMPRLVGLAGPFRGKELYLMRSEVKFGRTDENDIVADHQSVSRAHARFVLDDGQWKVIDNKSANGVRVNGE--	0.877	0.296	4
50	-------------------------MDNEDTIHPDASPVTDPRKCLPCLVVISGKTLGKKYMLDQKQILVGRGDQVQISLDEKTVSRNHAEFYRKNNQTMVKDLRSKNGIYVND---	0.963	0.279	4
51	---------PVTETTSMISLSAIGEADTDDDEAIDYAAADALPHDAALLIVTRGPNVGARFLLDDDFTSAGRHPDSDIFLDDVTVSRRHAEFYRQGARFTVRDVGSLNGTYVNRE--	0.912	0.553	4
52	-DKDKGDEVTGETTSALTRADFLNELEAVPGPDSGAPVVEELPAGSALLVVKRGPNAGSRFLLDRPVTSAGRHPDSDVFLDDITVSRRHAEFRRENDELDVVDVGSLNGTYVNREP-	0.893	0.600	5
53	------------------RRDEHGETTLSLGPDEGAEGAAVEDRGGAALVRAAGGGAGESFETAGLRTLIGRSPDCDVFLDDVTVSRRHAEIVHEDDRYVIRDLGSLNGTFVN----	0.857	0.372	5
54	----------------VPEEGESTEAFAAPEVPENLDPIEDLGVHGAALIVRSGGGAGETFPLDEGPTTIGRSPECAIFLDDVTVSRKHAVFTKDGDRWHLEDQGSLNGTFVNRE--	0.934	0.382	5
55	---------PPAHTTAHLSRIEADERQYGPIDSDARAAVEALPPESALLIVQHGPNAGARFLLDTERATAGRDTKADIFLDDVTVSRKHAEFLKEGGNFVVRDVGSLNGTYVN----	0.946	0.476	4
56	MSDSNFDNAGSEDVTSTQRADDLIEDPKDGLDAEELAAVAALPAGSALLIVKRGPSDGSRFLLDVDVTTAGRHPNAEIFLDDVTVSRKHAEFRRDGNGFEVTDLASLNGTYLNG---	0.891	0.530	5
57	----------------------LSAVEAADEEDELERYLDGLAPGVGLLVVRHGPNAGSSYRLEREETAIGRHPDSDIFLDDITVSRRHVVIERDADGYTLRDVGSLNGTYVN----	0.875	0.391	6
58	-----GSPLPHEDEATLSLTELAERLELDEE---LGAALAELPEGMGMLVVRRGPNAGSRFVLDSEVTALGRHPDSDIFLDDITVSRRHAAVRRVDGGYEVADVGSLNGTYVD----	0.934	0.490	4
64	--DTSQQRIAADDATGDIGSALRADHPEDIDTSSAAAEAAALARGSAMLVVKRGPNVGSKFILNQPVMTAGRHPASDIFLDHITVSRRHAEFRCENGEFRVVDLGSLNGTYRNRE--	0.900	0.538	4
59	-----------------------DDDQTSREIIAEGAVPDVEWTASAILVVKRGPNAGSRFPLHQAVTSAGRDPRSDIFLDDVTVSRRHAEFRLERGELQVVDIDSLNGTYVNGQP-	0.932	0.439	4
60	---------------------------TVVPEDEEAPSLEELGPDQALLVIKGGPTAGSTVLIDKDITRLGRSPDSDVFLNDITVSRRHAEISREGNGFVIKDAGSLNGTYVNRE--	0.925	0.385	5
61	---------------------------TPPAEPGADSGVMEAVVEGATLVILGGGRAGDQYPVAAERTTIGRAPESDVFLDDVTVSREHAVLEQRDDGIHIVDLGSLNGTYVNRE--	0.892	0.353	4
62	--------------TSAFRADFSEPDTPATARADAASGIDELSNGSALLVIKRGPNAGSRFALNQPVTSAGRHPNSDIFCDDITVSRRHAEFRCQNNQFQVVDVGSLNGTYVNREP-	0.949	0.561	4
65	---------------PTGVYDLDKTLDTREFPAVNPEHFQELANGNAVLVVTRGALEGVRFTLSSDATTIGRSPESAIFLDDVTVSRQHATISRIDGAWTIADSGSLNGTYVN----	0.877	0.387	4
67	----------PLERTMSIDAQGIDEAATGRLSAADQAAIDALGPDHALLIVHSGPNQGARFLLDVDSTTAGRAVNSDIFLDDVTVSRQHVIFERNGNTFTIKDAGSLNGTYVN----	0.859	0.427	5
68	------------------RLELMDEDQQAVEAKALDQAVTAAQLPD-RLVVVQGPNAGTVYPLLEQKLLIGRGEECQIALDDASVSRVHVEVLRTEHGLMILDQGSSNGLRING---	0.966	0.282	4
